Metric Name,Prompt,Value,Elapsed Time
CPU Energy (kWh),hi,1.6391864776611331,1.987299919128418
GPU Energy (kWh),hi,0.0,1.987299919128418
RAM Energy (kWh),hi,2.5602800062022952,1.987299919128418
Total Energy (kWh),hi,4.199466483863429,1.987299919128418
Carbon Emissions (kgCO2),hi,1.5747999314487857,1.987299919128418
