Metric Name,Prompt,Value,Elapsed Time
CPU Energy (J),hi! I am back,11.501126003265382,3.219672441482544
GPU Energy (J),hi! I am back,168.45635361838342,3.219672441482544
RAM Energy (J),hi! I am back,36.96943868836354,3.219672441482544
Total Energy (J),hi! I am back,216.92691831001233,3.219672441482544
Carbon Emissions (gCO2),hi! I am back,0.022596553990626284,3.219672441482544
