Metric Name,Prompt,Value,Elapsed Time
CPU Energy (kWh),bye,1.2122772336006167,1.3228585720062256
GPU Energy (kWh),bye,0.0,1.3228585720062256
RAM Energy (kWh),bye,1.9028783647126346,1.3228585720062256
Total Energy (kWh),bye,3.115155598313251,1.3228585720062256
Carbon Emissions (kgCO2),bye,1.1681833493674691,1.3228585720062256
