Metric Name,Prompt,Value,Elapsed Time
CPU Energy (J),hi,40.352980613708496,2.1556079387664795
GPU Energy (J),hi,24.955473107099532,2.1556079387664795
RAM Energy (J),hi,9.079925204967218,2.1556079387664795
Total Energy (J),hi,74.38837892577524,2.1556079387664795
Carbon Emissions (gCO2),hi,0.007748789471434921,2.1556079387664795
